review_id,reviewer,stars,date,text
Ci9DQUlRQUNvZENodHljRjlvT214clIyRk9iVjlQUzJ3eFZGaERkMGh1ZWxOaFRIYxAB,Chin-Cheng Lin,3 stars,2025-11-11,"Large portion, but the taste wasn't particularly delicious; the chicken was a bit dry.

Pasta Chicken Fettuccine $14.61 Price per person $10‚Äì20 Food: 3 Service: 3 Atmosphere: 3 Wait time Up to 10 min

Price per person: $10‚Äì20
Food: 3
Service: 3
Atmosphere: 3
Wait time: Up to 10 min"
Ci9DQUlRQUNvZENodHljRjlvT2s5bVpsSnhlbVZRTFdWcFprMHhia2hSYmxaMlEwRRAB,Miriam Sandoval,3 stars,2025-10-27,
Ci9DQUlRQUNvZENodHljRjlvT2tOdmFEaDBhMDVhY1dKNFJHdG5NSFpTUzFSclVXYxAB,Veronica Conchas,4 stars,a month ago,"Price per person: $10‚Äì20
Food: 4
Service: 4
Atmosphere: 3
Noise level: Quiet, easy to talk
Group size: 2 people, 3-4 people
Wait time: No wait
Parking space: Difficult to find parking
Parking options: Free parking lot, Paid parking lot, Paid street parking"
Ci9DQUlRQUNvZENodHljRjlvT25JMVFUUnVTMVJCYzE5RFRGcHhkRjlGWjNrd1JXYxAB,Carla Contreras,5 stars,2025-09-01,"Price per person: $20‚Äì30
Food: 5
Service: 5
Atmosphere: 3
Noise level: Quiet, easy to talk
Group size: 3-4 people
Wait time: Up to 10 min
Recommendation for vegetarians: Not sure
Vegetarian offerings: Not sure
Parking space: Somewhat difficult to find parking
Parking options: Free parking lot"
Ci9DQUlRQUNvZENodHljRjlvT25GWmJucERNMnRwVmpkUlUwWTFNamxXUlRVMlRVRRAB,Joel Carrillo,5 stars,2025-09-01,"The best Meal type Dinner Price per person $10‚Äì20 Food: 5 Service: 5 Atmosphere: 5 Special events No special event Seating type Indoor dining area

Meal type: Dinner
Price per person: $10‚Äì20
Food: 5
Service: 5
Atmosphere: 5
Special events: No special event
Seating type: Indoor dining area"
Ci9DQUlRQUNvZENodHljRjlvT21wd1REZzFWV0ZMUjBWaVVURXRSbGMwUjBsRVgzYxAB,Gustavo E,5 stars,2025-09-01,"The chicken fettuccine is delicious! Prices are good as well! Price per person $10‚Äì20 Food: 5 Service: 5 Atmosphere: 5

Price per person: $10‚Äì20
Food: 5
Service: 5
Atmosphere: 5"
Ci9DQUlRQUNvZENodHljRjlvT2xRNGNVMVVka05RVlVzMWJURldjSHBDYmpWa1NXYxAB,Leticia Barragan,5 stars,2025-08-01,"Must try restaurant!!  My family and I have been coming here for years!! Every dish is amazing; you will not regret checking them out!! Service Take out Price per person $10‚Äì20 Food: 5 Service: 5 Atmosphere: 5 Reservation Reservations not required Seating type Indoor dining area

Service: Take out
Price per person: $10‚Äì20
Food: 5
Service: 5
Atmosphere: 5
Reservation: Reservations not required
Seating type: Indoor dining area"
Ci9DQUlRQUNvZENodHljRjlvT2kxMmJFcFpXSEpxZUdFdGNIQnFOVkZsUmpoaFJVRRAB,Shalise Tann,5 stars,2025-08-01,"Price per person: $10‚Äì20
Food: 5
Service: 5
Atmosphere: 5
Noise level: Quiet, easy to talk
Group size: 3-4 people
Wait time: No wait
Recommendation for vegetarians: Highly recommend
Vegetarian offerings: Clearly labeled vegetarian dishes
Parking space: Somewhat difficult to find parking"
Ci9DQUlRQUNvZENodHljRjlvT210b2R6bDViMk5HTlc5Vk0xbHNRV2xOYUZOTU1uYxAB,Pamela Raya,5 stars,2025-07-01,Never disappointed about this place!! I lo ve their food so much. ü´∂ the pizza is so delicious ‚Ä¶
Ci9DQUlRQUNvZENodHljRjlvT201WWFYaEplbWxEY2t4RFIzb3dUMm81TkRaYVVYYxAB,Guillermo Anzures,5 stars,2025-07-01,
ChZDSUhNMG9nS0VPREI3TmV2aUlqb0tnEAE,Michael Stemmeler,1 star,2025-06-01,The place was closed on Saturday afternoon.
ChZDSUhNMG9nS0VJQ0FnTUNZa2RpMWVREAE,Natasha Natali,5 stars,2025-05-01,"Absolutely loved it! I had the fettuccine ‚Äî it was incredibly delicious: fresh pasta, perfectly balanced sauce, and rich flavor. The staff was kind and attentive. I‚Äôll definitely be coming back! Food: 5 Service: 5 Atmosphere: 5

Food: 5
Service: 5
Atmosphere: 5"
ChdDSUhNMG9nS0VJQ0FnTURvM2F5UGxRRRAB,Neveah,5 stars,2025-05-01,"This place was really good very cheap to large portions and good service üëç Food: 5 Service: 5 Atmosphere: 5

Food: 5
Service: 5
Atmosphere: 5"
ChdDSUhNMG9nS0VJQ0FnTURveEpDZ2p3RRAB,Gleyce Dias,5 stars,2025-05-01,"Amazing ü§© food and its not expensive! Love it sure will be back when I‚Äôm in LA again. Service Dine in Meal type Dinner Price per person $10‚Äì20 Food: 5 Service: 5 Atmosphere: 5 Recommended dishes Pasta Primavera, Seafood Pasta, Chicken Pasta, Fettuccine Alfredo with Chicken Parking space Somewhat difficult to find parking Parking options Free parking lot

Service: Dine in
Meal type: Dinner
Price per person: $10‚Äì20
Food: 5
Service: 5
Atmosphere: 5
Recommended dishes: Pasta Primavera, Seafood Pasta, Chicken Pasta, Fettuccine Alfredo with Chicken
Parking space: Somewhat difficult to find parking
Parking options: Free parking lot"
ChdDSUhNMG9nS0VJQ0FnTUNvXzRMVDF3RRAB,CINDY AGUILAR,5 stars,2025-05-01,"So good !!! Friendly staff Service Take out Meal type Lunch Price per person $30‚Äì50 Food: 5 Service: 5 Atmosphere: 5 Recommended dishes Pasta Primavera, Grilled Chicken Sandwich

Service: Take out
Meal type: Lunch
Price per person: $30‚Äì50
Food: 5
Service: 5
Atmosphere: 5
Recommended dishes: Pasta Primavera, Grilled Chicken Sandwich"
ChdDSUhNMG9nS0VJQ0FnTUNneUlIOTVBRRAB,Arlene Chuacuco,4 stars,2025-02-01,"Food: 5
Service: 5
Atmosphere: 3"
ChZDSUhNMG9nS0VJQ0FnSUQzNk5pUlVREAE,EDGAR RACANAC,5 stars,2025-01-01,"CHICKEN RAVIOLI EXCELENTE, LASAGNA A+ Service Dine in Meal type Lunch Price per person $10‚Äì20 Food: 5 Service: 5 Atmosphere: 5

Service: Dine in
Meal type: Lunch
Price per person: $10‚Äì20
Food: 5
Service: 5
Atmosphere: 5"
ChdDSUhNMG9nS0VJQ0FnSURQcDYydm53RRAB,Sodamode X,3 stars,2024-12-01,"Food: 5
Service: 2
Atmosphere: 4"
ChZDSUhNMG9nS0VJQ0FnSUQzeGFXWU9nEAE,G Takeuchi,5 stars,a year ago,"Nice place. Food: 5 Service: 5 Atmosphere: 5

Food: 5
Service: 5
Atmosphere: 5"
ChZDSUhNMG9nS0VJQ0FnSUMzaF9HVk1REAE,KARLOS JAVIER GARCIA GARCIA,5 stars,a year ago,"Food: 5
Service: 5
Atmosphere: 5"
ChZDSUhNMG9nS0VJQ0FnSURYMk1DdEVnEAE,Sindy C Oliva Valdiviezo,1 star,a year ago,"I was recommended this restaurant. They told me the pizzas were good. But they weren't. The pizza I ordered came with very hard, burnt bread. I didn't expect them to give me that. Very bad."
ChZDSUhNMG9nS0VJQ0FnSUQ3d2Z5MlpBEAE,Dalila Ch√°vez,5 stars,a year ago,"The pasta is delicious and the staff is very friendly. Service Take out Meal type Lunch Price per person $30‚Äì50 Food: 5 Service: 5

Service: Take out
Meal type: Lunch
Price per person: $30‚Äì50
Food: 5
Service: 5"
ChZDSUhNMG9nS0VJQ0FnSURUanF6X1pREAE,Andrea Alvarez,5 stars,a year ago,"Pasta is packed with flavor! Food: 5 Service: 5

Food: 5
Service: 5"
ChZDSUhNMG9nS0VJQ0FnSUNKcU5YNElBEAE,Albino Ibarra,5 stars,Edited a year ago,
ChdDSUhNMG9nS0VJQ0FnSUNUenBpYWxRRRAB,F De,5 stars,a year ago,"Best fries I have ever had by a mile. I have no clue what seasoning they put on it, but I‚Äôve never had it anywhere else and it is to die for- definitely ask for extra! Food all around is solid and I have never had a bad experience Food: 5 Service: 5 Atmosphere: 5

Food: 5
Service: 5
Atmosphere: 5"
ChdDSUhNMG9nS0VJQ0FnSURqZ2NIdnVBRRAB,Boyce White,5 stars,a year ago,"Service: Dine in
Meal type: Lunch
Price per person: $10‚Äì20
Food: 5
Service: 3
Atmosphere: 3
Recommended dishes"
ChZDSUhNMG9nS0VJQ0FnSUNqcmJmak1BEAE,Juan Gutierrez,5 stars,a year ago,"Food: 5
Service: 5
Atmosphere: 5"
ChdDSUhNMG9nS0VJQ0FnSUQ5c29LeWlnRRAB,Johan Prado,5 stars,a year ago,"Price per person: $10‚Äì20
Food: 5
Service: 5
Atmosphere: 5
Recommended dishes: Apple Pie with Ice Cream"
ChdDSUhNMG9nS0VJQ0FnSUM5NmVibi1nRRAB,freakzillaunknown,5 stars,a year ago,"Taste 10/10
Value 10/10
Service 10/10

Highlights:
- Hawaiian pizza was very good and I‚Äôm sure their other pizzas would be equally good too because their pizza crust taste perfect & the amount of cheese & sauce used are the right amounts.
- Chicken black sauce pasta is the bomb. 1 of the tastiest pastas I‚Äôve had and the you‚Äôd want more the more you eat it. Highly recommended üëç Food: 5 Service: 5 Atmosphere: 3

Food: 5
Service: 5
Atmosphere: 3"
ChdDSUhNMG9nS0VJQ0FnSUM5bk5uNHlnRRAB,helena,4 stars,a year ago,"Food: 5
Service: 4
Atmosphere: 3"
ChZDSUhNMG9nS0VJQ0FnSUN0X19TYkF3EAE,Luis Mendez,5 stars,a year ago,"Service: Take out
Price per person: $10‚Äì20
Recommended dishes: Apple Pie, Chicken Sandwich"
ChZDSUhNMG9nS0VJQ0FnSUMxeG9UZ0h3EAE,Marco Rivera,5 stars,a year ago,
ChdDSUhNMG9nS0VJQ0FnSUNSLVoyOG1RRRAB,Federico Reyes,5 stars,2023-01-01,"Monarca Pasta & Grill is a hidden gem that offers a fantastic dining experience. The food is exceptional and the prices are very reasonable, making it a great choice for anyone looking for a high-quality meal without breaking the bank.

The menu is extensive and full of delicious options sure to please everyone's palate. From classic pasta dishes to delicious grilled meats, each item is expertly prepared with fresh, high-quality ingredients. The flavors are bold and the portions are generous, making it an excellent value.

In addition to the fantastic food, the service at Monarca Pasta & Grill is top-notch. The staff is friendly, attentive, and always willing to go above and beyond to ensure every guest has a pleasant dining experience.

Overall, I recommend Monarca Pasta & Grill to anyone looking for a great meal at a reasonable price. The excellent food, great service, and welcoming atmosphere make it a great choice for any occasion."
ChZDSUhNMG9nS0VJQ0FnSURScl83OEx3EAE,MR Alvarado,4 stars,2023-01-01,"Very clean, good place to eat with the family üë™ ‚Ä¶"
ChdDSUhNMG9nS0VJQ0FnSURSejdlTW9RRRAB,Santosh Kanday,5 stars,2023-01-01,
ChZDSUhNMG9nS0VJQ0FnSURSOFp1YmJREAE,Carlos Escobar,4 stars,2023-01-01,"Service: Take out
Meal type: Lunch
Price per person: $10‚Äì20
Food: 5
Service: 4
Atmosphere: 4"
ChZDSUhNMG9nS0VJQ0FnSUNSNXEtNEpBEAE,Logan Austin,5 stars,2023-01-01,"Diamond in the dirt. Nuff said. Service Take out Meal type Dinner Price per person $20‚Äì30

Service: Take out
Meal type: Dinner
Price per person: $20‚Äì30"
ChZDSUhNMG9nS0VJQ0FnSURoeWNfaU1REAE,ryan diaz,5 stars,2023-01-01,"Food: 5
Service: 5
Atmosphere: 5"
ChdDSUhNMG9nS0VJQ0FnSURoaHRieTRBRRAB,Kimiye Kataoka,5 stars,2023-01-01,I‚Äôm never disappointed.  Very delicious. ‚ù§Ô∏è
ChZDSUhNMG9nS0VJQ0FnSUNocDhtMUtBEAE,Diamond Yvana Brown,1 star,2023-01-01,Is this place even open??
